{"stats":{"minecraft:used":{"minecraft:flint_and_steel":3,"minecraft:calibrated_sculk_sensor":1},"minecraft:custom":{"minecraft:jump":37,"minecraft:time_since_rest":6216,"minecraft:walk_on_water_one_cm":179,"minecraft:damage_dealt":10,"minecraft:crouch_one_cm":99,"minecraft:leave_game":1,"minecraft:play_time":6216,"minecraft:sprint_one_cm":11512,"minecraft:damage_taken":120,"minecraft:time_since_death":6216,"minecraft:walk_one_cm":1978,"minecraft:sneak_time":43,"minecraft:total_world_time":6216,"minecraft:walk_under_water_one_cm":162,"minecraft:swim_one_cm":2073,"minecraft:fly_one_cm":62396}},"DataVersion":3465}