{"stats":{"minecraft:used":{"minecraft:flint_and_steel":3,"minecraft:calibrated_sculk_sensor":1},"minecraft:custom":{"minecraft:jump":78,"minecraft:time_since_rest":36207,"minecraft:walk_on_water_one_cm":179,"minecraft:damage_dealt":10,"minecraft:crouch_one_cm":128,"minecraft:leave_game":2,"minecraft:play_time":36207,"minecraft:sprint_one_cm":14511,"minecraft:damage_taken":120,"minecraft:time_since_death":36207,"minecraft:walk_one_cm":2675,"minecraft:sneak_time":49,"minecraft:total_world_time":36207,"minecraft:walk_under_water_one_cm":162,"minecraft:swim_one_cm":2073,"minecraft:fly_one_cm":76618}},"DataVersion":3465}