{"stats":{"minecraft:mined":{"minecraft:grass_block":3,"minecraft:spruce_leaves":3,"minecraft:fern":1},"minecraft:custom":{"minecraft:jump":92,"minecraft:time_since_rest":2335,"minecraft:crouch_one_cm":34,"minecraft:leave_game":2,"minecraft:play_time":2335,"minecraft:sprint_one_cm":19692,"minecraft:damage_taken":50,"minecraft:time_since_death":2335,"minecraft:walk_one_cm":4529,"minecraft:sneak_time":13,"minecraft:total_world_time":2335,"minecraft:fall_one_cm":3649,"minecraft:fly_one_cm":29874},"minecraft:picked_up":{"minecraft:dirt":3}},"DataVersion":3465}