{"stats":{"minecraft:mined":{"minecraft:grass_block":3,"minecraft:spruce_leaves":3,"minecraft:fern":1},"minecraft:custom":{"minecraft:time_since_rest":18335,"minecraft:crouch_one_cm":5420,"minecraft:sprint_one_cm":41295,"minecraft:play_time":18335,"minecraft:damage_taken":50,"minecraft:walk_one_cm":24376,"minecraft:sneak_time":681,"minecraft:walk_under_water_one_cm":21241,"minecraft:mob_kills":3,"minecraft:jump":303,"minecraft:damage_dealt":500,"minecraft:leave_game":2,"minecraft:time_since_death":18335,"minecraft:walk_on_water_one_cm":1475,"minecraft:total_world_time":18335,"minecraft:swim_one_cm":13071,"minecraft:talked_to_villager":7,"minecraft:fall_one_cm":5286,"minecraft:fly_one_cm":491212},"minecraft:killed":{"grimoireofgaia:ender_girl":1,"minecraft:pig":2},"minecraft:picked_up":{"grimoireofgaia:spawn_ender_girl":1,"minecraft:dirt":3},"minecraft:used":{"minecraft:dirt":62,"grimoireofgaia:spawn_ender_girl":1}},"DataVersion":3465}