{"stats":{"minecraft:mined":{"minecraft:grass_block":3,"minecraft:spruce_leaves":3,"minecraft:fern":1},"minecraft:custom":{"minecraft:jump":108,"minecraft:time_since_rest":6335,"minecraft:walk_on_water_one_cm":399,"minecraft:leave_game":2,"minecraft:play_time":6335,"minecraft:crouch_one_cm":34,"minecraft:sprint_one_cm":21530,"minecraft:damage_taken":50,"minecraft:time_since_death":6335,"minecraft:walk_one_cm":5324,"minecraft:sneak_time":27,"minecraft:total_world_time":6335,"minecraft:walk_under_water_one_cm":2151,"minecraft:fly_one_cm":165984,"minecraft:fall_one_cm":5286},"minecraft:picked_up":{"minecraft:dirt":3}},"DataVersion":3465}