{"stats":{"minecraft:picked_up":{"minecraft:sand":4,"minecraft:rotten_flesh":2},"minecraft:killed":{"minecraft:husk":1},"minecraft:mined":{"minecraft:sand":5},"minecraft:used":{"securitycraft:deepslate_redstone_mine":7,"securitycraft:sentry":2,"minecraft:sand":4},"minecraft:custom":{"minecraft:jump":119,"minecraft:time_since_rest":8577,"minecraft:damage_dealt":205,"minecraft:crouch_one_cm":331,"minecraft:leave_game":3,"minecraft:play_time":8577,"minecraft:sprint_one_cm":8002,"minecraft:time_since_death":8577,"minecraft:walk_one_cm":4718,"minecraft:sneak_time":108,"minecraft:total_world_time":8577,"minecraft:mob_kills":1,"minecraft:fall_one_cm":1428,"minecraft:fly_one_cm":106889}},"DataVersion":3465}